Timestamp,Email address,Name,What is your current academic standing?,What is your academic stream/major?,What is your primary living situation?,How do you typically commute to campus?,What is the primary source of your monthly funds?,Approximately how much money do you manage monthly (excluding tuition/rent paid directly by parents)?,How do you primarily track your money?,Do you currently have an emergency fund that can cover one month of expenses?,"Have you already set up a demat account, crypto wallet, or brokerage account to prepare for future wealth building?","How often do you actively research or read about personal finance, market trends, or trading strategies?",Which of the following did you spend money on in the last 7 days?,"""I frequently spend money because my friends are doing it (e.g., going to a cafe, buying a specific brand).""","""When I feel stressed about academics or life, I am more likely to spend money on food or entertainment.""","""I feel confident about managing my own money once I graduate and get a full-time job.""","""I like to invest in updating my tech, equipment, or personal style whenever newer options come out.""","""I have a clear, actionable plan to manage debt and grow my wealth within the first three years of graduating.""",Do you believe relying solely on a traditional salary will be enough to achieve your long-term financial goals?,"Do you plan to automate your future investments (e.g., Systematic Investment Plans) once you secure a full-time income?",Which of the following asset classes are you most interested in exploring over the next 5 years?,"Once you begin earning a full-time income, how often do you foresee yourself reviewing and rebalancing your investment portfolio?",What do you consider the most significant obstacle to starting your investment journey?,"In your opinion, which approach is more critical for long-term financial independence?","What specific topics regarding personal finance, market analysis, or investing would you like to see covered in future workshops or campus events?"
04/09/2026 22:14:49,budyeseher04@gmail.com,Seher Budye,2nd Year,Data science ,Living with Parents,Public Transport (Bus/Metro/Train),Parents / Guardians,"₹2,000-₹5,000",Mental Math,Yes,No,Rarely / Never,"Eating Out / Cafes, Public Transport, Ride-hailing (Uber/Ola/Rapido), Academic Supplies & Books",5,5,4,3,2,No,Yes,"Real Estate, Gold / Commodities",Monthly,Fear of market volatility and losing money,"Maximizing active income (e.g., career growth, side hustles)","Focus on a beginner-friendly, interactive bootcamp that prioritizes personal finance fundamentals like budgeting, credit building, and student debt management"
04/09/2026 22:19:10,zeroh5153@gmail.com,Yash,1st Year,Engineering & IT,Living with Parents,Public Transport (Bus/Metro/Train),Parents / Guardians,"₹2,000-₹5,000",Mobile App,Yes,No,Rarely / Never,"Eating Out / Cafes, Public Transport, Academic Supplies & Books",5,5,1,3,4,No,Yes,"Real Estate, Gold / Commodities",Annually,Lack of initial capital,"Maximizing active income (e.g., career growth, side hustles)","Personal Finance Basics Budgeting, building credit, paying off student loans, or starting an emergency fund"
04/09/2026 22:33:49,sanjugupta270728@gmail.com,Sanjana Gupta,2nd Year,Science,Living with Parents,Public Transport (Bus/Metro/Train),Parents / Guardians,"Under ₹2,000",Mental Math,Yes,No,Rarely / Never,"Eating Out / Cafes, Public Transport",2,3,4,3,3,No,Yes,"Real Estate, Gold / Commodities",Monthly,Fear of market volatility and losing money,"Maximizing active income (e.g., career growth, side hustles)",I would like to learn about saving money.
04/09/2026 22:38:53,halakhan2007@gmail.com,Hala Khan,2nd Year,Engineering & IT,Living with Parents,Cab/Auto-rickshaw,Part-time Job,"₹2,000-₹5,000",Mental Math,Yes,No,Monthly,"Public Transport, Ride-hailing (Uber/Ola/Rapido), Impulse Online Shopping",3,4,5,4,4,No,Yes,"Direct Equity / Stocks, Gold / Commodities",Monthly,Lack of initial capital,"Maximizing active income (e.g., career growth, side hustles)","Investment options, finance management and qualification for secured job and stable income."
04/09/2026 22:41:01,grishmapatil176@gmail.com,Grishma patil ,3rd Year,Science,Living with Parents,Public Transport (Bus/Metro/Train),Parents / Guardians,"Above ₹10,000",I don't track it,Yes,Yes,Daily,"Public Transport, Ride-hailing (Uber/Ola/Rapido), Subscriptions (Netflix, Spotify, etc.)",1,2,1,1,1,No,No,Direct Equity / Stocks,Monthly,Fear of market volatility and losing money,"Maximizing active income (e.g., career growth, side hustles)",Yes
04/09/2026 22:45:15,tgharv@gmail.com,Gharv Lal Tolani,3rd Year,Engineering & IT,Renting Privately / PG,Personal Vehicle (Bike/Car),Part-time Job,"Above ₹10,000",Mobile App,Yes,No,Rarely / Never,"Eating Out / Cafes, Subscriptions (Netflix, Spotify, etc.), Impulse Online Shopping, Academic Supplies & Books, Trip to Alibaug approx 50k",3,4,5,5,5,No,Yes,"Direct Equity / Stocks, Mutual Funds & Index Funds, Gold / Commodities",Monthly,Analysis paralysis from too many platforms and options,"Maximizing active income (e.g., career growth, side hustles)",Future safe investment plans 
04/09/2026 22:47:52,kp979814@gmail.com,Komal pawar,2nd Year,Arts & Humanities,Living with Parents,Personal Vehicle (Bike/Car),Freelance / Side Hustle,"₹2,000-₹5,000",Mental Math,Yes,Yes,Monthly,Public Transport,3,3,3,2,5,Yes,Yes,Real Estate,Quarterly,Lack of reliable financial education,"Optimizing passive income (e.g., algorithmic trading, dividend stocks, real estate)",Jsihebdj
04/09/2026 22:56:15,shaikhmaryam873@gmail.com,Maryam Shaikh,2nd Year,Data Science ,Living with Parents,Public Transport (Bus/Metro/Train),Parents / Guardians,"₹2,000-₹5,000",I don't track it,No,No,Rarely / Never,"Eating Out / Cafes, Public Transport, Impulse Online Shopping, Academic Supplies & Books",4,3,5,4,4,Yes,Yes,Mutual Funds & Index Funds,Monthly,Lack of reliable financial education,"Maximizing active income (e.g., career growth, side hustles)","Learning about budgeting, saving, stock market basics, and investing."
04/09/2026 23:10:36,vibhassasane@gmail.com,VIBHAS ARUN SASANE ,4th Year,Commerce & Management,Living with Parents,Public Transport (Bus/Metro/Train),Part-time Job,"₹2,000-₹5,000",Mental Math,Yes,No,Daily,"Eating Out / Cafes, Public Transport, Gaming & Digital In-app Purchases, Subscriptions (Netflix, Spotify, etc.), Impulse Online Shopping",5,3,5,5,5,No,Yes,"Direct Equity / Stocks, Real Estate, Gold / Commodities",Weekly,Lack of initial capital,"Optimizing passive income (e.g., algorithmic trading, dividend stocks, real estate)",Yes
04/09/2026 23:29:48,cleonachristopher20@gmail.com,CLEONA CHRISTOPHER C,3rd Year,Science,Living with Parents,Cab/Auto-rickshaw,Parents / Guardians,"₹5,000-₹10,000",Mobile App,Yes,No,Rarely / Never,"Ride-hailing (Uber/Ola/Rapido), Impulse Online Shopping",1,1,3,3,5,No,Yes,"Real Estate, Gold / Commodities",Quarterly,Fear of market volatility and losing money,"Maximizing active income (e.g., career growth, side hustles)",No idea.
04/09/2026 23:32:54,anujat9987@gmail.com,Anuj Tiwari,2nd Year,Data Science,Living with Parents,Public Transport (Bus/Metro/Train),Parents / Guardians,"₹2,000-₹5,000",Mental Math,Yes,No,Daily,"Eating Out / Cafes, Public Transport, Ride-hailing (Uber/Ola/Rapido)",3,3,3,3,3,Yes,Yes,"Mutual Funds & Index Funds, Cryptocurrency & Digital Assets, Real Estate",Quarterly,Lack of reliable financial education,"Maximizing active income (e.g., career growth, side hustles)",Market analysis
04/09/2026 23:33:11,shaikhabdur000@gmail.com,Shaikh Abdurrehman ,2nd Year,Science,Living with Parents,Public Transport (Bus/Metro/Train),Parents / Guardians,"₹2,000-₹5,000",Mobile App,Yes,No,Rarely / Never,"Eating Out / Cafes, Public Transport, Gaming & Digital In-app Purchases, Impulse Online Shopping, Academic Supplies & Books",3,3,3,3,3,Yes,Yes,"Direct Equity / Stocks, Mutual Funds & Index Funds, Cryptocurrency & Digital Assets, Gold / Commodities",Monthly,Lack of initial capital,"Maximizing active income (e.g., career growth, side hustles)",Personal finance 
04/09/2026 23:48:06,alishask2006@gmail.com,Alisha,3rd Year,Engineering & IT,Living with Parents,Cab/Auto-rickshaw,Parents / Guardians,"Under ₹2,000",I don't track it,No,No,Weekly,"Eating Out / Cafes, Public Transport",4,2,4,3,4,No,Yes,Mutual Funds & Index Funds,Quarterly,Lack of reliable financial education,Strict budgeting and extreme frugality,Financial literacy
05/09/2026 00:06:14,tripathiansh101003@gmail.com,Ansh Tripathi ,3rd Year,Science,Living with Parents,Personal Vehicle (Bike/Car),Freelance / Side Hustle,"Above ₹10,000",Mental Math,Yes,Yes,Rarely / Never,"Eating Out / Cafes, Traveling Expenses ",5,1,5,5,5,Yes,Yes,"Direct Equity / Stocks, Mutual Funds & Index Funds, Cryptocurrency & Digital Assets, Real Estate, Gold / Commodities",Monthly,Lack of initial capital,"Maximizing active income (e.g., career growth, side hustles)",Finance 
05/09/2026 00:30:16,bhuuuumikaaaacollege13@gmail.com,Bhumika ,3rd Year,Science,Living with Parents,Public Transport (Bus/Metro/Train),Parents / Guardians,"Under ₹2,000",Mental Math,Yes,No,Rarely / Never,"Eating Out / Cafes, Public Transport, Ride-hailing (Uber/Ola/Rapido), Academic Supplies & Books",1,1,5,3,4,No,Yes,"Direct Equity / Stocks, Mutual Funds & Index Funds, Real Estate, Gold / Commodities",Monthly,Lack of initial capital,"Optimizing passive income (e.g., algorithmic trading, dividend stocks, real estate)","Basic investing, saving money, and understanding how the stock market works"
05/09/2026 00:35:09,bmystry68@gmail.com,Zaheer,2nd Year,Science,Living with Parents,Public Transport (Bus/Metro/Train),Freelance / Side Hustle,"Under ₹2,000",Spreadsheet,No,No,Monthly,None of the above,1,1,5,5,5,No,Yes,"Real Estate, Gold / Commodities",Weekly,Lack of initial capital,"Optimizing passive income (e.g., algorithmic trading, dividend stocks, real estate)","Nothing 
"
05/09/2026 01:16:17,shreyabhang14@gmail.com,Shreya Abhang ,1st Year,Medical & Health Sciences,College Hostel,Walking/Staying on campus,Parents / Guardians,"₹2,000-₹5,000",Mental Math,Yes,No,Rarely / Never,Eating Out / Cafes,1,2,5,3,3,No,Yes,Mutual Funds & Index Funds,Quarterly,Lack of initial capital,"Optimizing passive income (e.g., algorithmic trading, dividend stocks, real estate)",Not any specific 
05/09/2026 01:28:57,pranavkamble1206@gmail.com,Pranav kamble ,3rd Year,Science,Living with Parents,Personal Vehicle (Bike/Car),Personal Savings,"₹5,000-₹10,000",I don't track it,Yes,No,Daily,"Eating Out / Cafes, Gaming & Digital In-app Purchases, Subscriptions (Netflix, Spotify, etc.)",2,3,4,4,2,No,Yes,Real Estate,Weekly,Fear of market volatility and losing money,"Maximizing active income (e.g., career growth, side hustles)",Personal savings 
05/09/2026 01:32:49,expertgamer281@gmail.com,Manas mishra,2nd Year,Engineering & IT,Living with Parents,Public Transport (Bus/Metro/Train),Part-time Job,"Under ₹2,000",Mental Math,No,Yes,Weekly,"Eating Out / Cafes, Public Transport",3,3,5,2,4,No,Yes,"Cryptocurrency & Digital Assets, Gold / Commodities",Weekly,Lack of initial capital,Strict budgeting and extreme frugality,Stock market seminar
05/09/2026 02:09:46,chanchalabadhe@gmail.com,Chanchala badhe ,3rd Year,Commerce & Management,Living with Parents,Cab/Auto-rickshaw,Part-time Job,"₹2,000-₹5,000",I don't track it,No,No,Weekly,"Eating Out / Cafes, Public Transport, Subscriptions (Netflix, Spotify, etc.), Impulse Online Shopping",3,4,4,4,5,No,Yes,"Mutual Funds & Index Funds, Real Estate, Gold / Commodities",Weekly,Fear of market volatility and losing money,"Maximizing active income (e.g., career growth, side hustles)","I would like workshops on basic investing, stock market analysis, mutual funds and SIPs, budgeting, personal finance management, and understanding risk and returns. Practical sessions on how students can start investing safely would also be helpful"
05/09/2026 04:38:43,shubhamdhere256@gmail.com,Shubham dhere ,1st Year,Medical & Health Sciences,College Hostel,Personal Vehicle (Bike/Car),Parents / Guardians,"₹5,000-₹10,000",Eating,No,Yes,Rarely / Never,"Eating Out / Cafes, Public Transport, Gaming & Digital In-app Purchases, Impulse Online Shopping",5,5,5,5,5,No,Yes,"Mutual Funds & Index Funds, Gold / Commodities",Weekly,Fear of market volatility and losing money,"Maximizing active income (e.g., career growth, side hustles)",Good 
05/09/2026 07:01:54,prachi.sumbhe@gmail.com,Prachi Sumbhe ,Post-Grad,Commerce & Management,Living with Parents,Personal Vehicle (Bike/Car),Scholarships / Stipend,"Above ₹10,000",I don't track it,Yes,Yes,Monthly,Eating Out / Cafes,1,4,3,3,4,No,Yes,"Direct Equity / Stocks, Mutual Funds & Index Funds, Real Estate, Gold / Commodities",Monthly,Fear of market volatility and losing money,"Maximizing active income (e.g., career growth, side hustles)",.
05/09/2026 07:13:12,sujalpingale907@gmail.com,Yash ingole,1st Year,Science,Living with Parents,Public Transport (Bus/Metro/Train),Parents / Guardians,"₹5,000-₹10,000",Mental Math,No,No,Weekly,Public Transport,2,2,2,2,2,No,No,Cryptocurrency & Digital Assets,Monthly,Fear of market volatility and losing money,"Optimizing passive income (e.g., algorithmic trading, dividend stocks, real estate)",Gold
05/09/2026 07:20:31,malunjkaryash12@gmail.com,Yash Malunjkar,3rd Year,Engineering & IT,Living with Parents,Public Transport (Bus/Metro/Train),Parents / Guardians,"Under ₹2,000",I don't track it,No,No,Rarely / Never,None of the above,1,1,5,2,4,No,No,Real Estate,Monthly,Lack of reliable financial education,Strict budgeting and extreme frugality,Financial literacy
05/09/2026 07:27:56,rahulbehrani5@gmail.com,Rahul behrani ,2nd Year,Data science ,Living with Parents,Walking/Staying on campus,Parents / Guardians,"₹2,000-₹5,000",I don't track it,No,No,Rarely / Never,Eating Out / Cafes,1,5,5,5,1,No,Yes,"Real Estate, Gold / Commodities",Weekly,Lack of reliable financial education,Strict budgeting and extreme frugality,How to use your money responsibly 
05/09/2026 07:49:32,gavhaned536@gmail.com,Dinesh gavhane ,3rd Year,Science,Living with Parents,Walking/Staying on campus,Parents / Guardians,"Under ₹2,000",Mobile App,No,No,Rarely / Never,Academic Supplies & Books,2,1,5,5,4,Yes,No,Mutual Funds & Index Funds,Monthly,Fear of market volatility and losing money,"Maximizing active income (e.g., career growth, side hustles)",No
05/09/2026 07:51:57,ky4145675@gmail.com,Khushi Yadav ,2nd Year,Science,Living with Parents,Public Transport (Bus/Metro/Train),Part-time Job,"Above ₹10,000",I don't track it,No,No,Rarely / Never,Impulse Online Shopping,5,5,5,4,4,No,No,Real Estate,Monthly,Lack of reliable financial education,"Optimizing passive income (e.g., algorithmic trading, dividend stocks, real estate)",nothing 
05/09/2026 08:00:04,savi21parab@gmail.com,Savi Parab,Post-Grad,Commerce & Management,Living with Parents,Public Transport (Bus/Metro/Train),Parents / Guardians,"₹2,000-₹5,000",Mental Math,Yes,Yes,Monthly,"Eating Out / Cafes, Public Transport",1,1,4,2,3,No,Yes,"Mutual Funds & Index Funds, Real Estate, Gold / Commodities",Quarterly,Fear of market volatility and losing money,Strict budgeting and extreme frugality,.
05/09/2026 08:35:17,priyanka043252@gmail.com,Priyanka Dharmendra Yadav ,3rd Year,Science,Living with Parents,Public Transport (Bus/Metro/Train),Parents / Guardians,"₹2,000-₹5,000",Pen and Paper,Yes,No,Monthly,Public Transport,2,3,1,3,3,Yes,Yes,Direct Equity / Stocks,Monthly,Lack of initial capital,Strict budgeting and extreme frugality,"Best 
"
05/09/2026 08:37:47,romaasrani181@gmail.com,ROMA,2nd Year,DATA SCIENCE ,Living with Parents,Cab/Auto-rickshaw,Part-time Job,"Under ₹2,000",I don't track it,No,No,Weekly,Eating Out / Cafes,3,1,5,3,3,No,Yes,Gold / Commodities,Weekly,Fear of market volatility and losing money,Strict budgeting and extreme frugality,.
05/09/2026 09:16:53,shraddhatuppadol1344@gmail.com,Shraddha ,2nd Year,Science,Living with Parents,Public Transport (Bus/Metro/Train),Parents / Guardians,"Under ₹2,000",I don't track it,No,No,Monthly,"Eating Out / Cafes, Public Transport, Ride-hailing (Uber/Ola/Rapido), Subscriptions (Netflix, Spotify, etc.), Impulse Online Shopping",1,3,3,3,3,No,Yes,Direct Equity / Stocks,Monthly,Fear of market volatility and losing money,"Optimizing passive income (e.g., algorithmic trading, dividend stocks, real estate)",Nthg
05/09/2026 09:24:34,sahilbhogale9@gmail.com,Sahil Bhogale,3rd Year,Science,Living with Parents,Public Transport (Bus/Metro/Train),Parents / Guardians,"Under ₹2,000",Mobile App,Yes,No,Rarely / Never,"Eating Out / Cafes, Public Transport, Academic Supplies & Books",1,2,5,4,3,No,Yes,Direct Equity / Stocks,Monthly,Lack of reliable financial education,"Maximizing active income (e.g., career growth, side hustles)",Personal finance fundamentals
05/09/2026 09:27:53,vpadiyar04@gmail.com,Rohan Vinayak Padiyar ,3rd Year,Engineering & IT,Living with Parents,Public Transport (Bus/Metro/Train),Parents / Guardians,"Under ₹2,000",Pen and Paper,No,Yes,Rarely / Never,"Eating Out / Cafes, Public Transport, Academic Supplies & Books",5,4,5,4,3,No,Yes,"Direct Equity / Stocks, Cryptocurrency & Digital Assets, Gold / Commodities",Monthly,Fear of market volatility and losing money,"Maximizing active income (e.g., career growth, side hustles)",Market analysis 
05/09/2026 09:51:48,tanishpawar669@gmail.com,Tanvi pawar,2nd Year,BCA,Living with Parents,Personal Vehicle (Bike/Car),Parents / Guardians,"₹2,000-₹5,000",Pen and Paper,No,No,Rarely / Never,Eating Out / Cafes,1,2,1,3,3,Yes,No,Gold / Commodities,Monthly,Fear of market volatility and losing money,"Maximizing active income (e.g., career growth, side hustles)","The ""First Salary"" Blueprint: How to budget, manage taxes, and allocate funds when transitioning from college to a full-time career."
05/09/2026 09:55:18,shreyaafre27@gmail.com,Shreya Afre,2nd Year,Science,Living with Parents,Public Transport (Bus/Metro/Train),Parents / Guardians,"Under ₹2,000",I don't track it,Yes,No,Weekly,"Eating Out / Cafes, Public Transport",3,5,5,4,4,No,No,Mutual Funds & Index Funds,Weekly,Analysis paralysis from too many platforms and options,"Optimizing passive income (e.g., algorithmic trading, dividend stocks, real estate)",Idk
05/09/2026 09:55:30,hrishita.b.saha@gmail.com,Hrishita Saha ,3rd Year,Science,Living with Parents,Cab/Auto-rickshaw,Parents / Guardians,"Under ₹2,000",Mental Math,Yes,No,Monthly,"Eating Out / Cafes, Public Transport, Academic Supplies & Books",3,5,5,3,4,No,Yes,Mutual Funds & Index Funds,Monthly,Fear of market volatility and losing money,"Optimizing passive income (e.g., algorithmic trading, dividend stocks, real estate)","I would like future events to focus on managing student debt, understanding credit scores, and introductory strategies for retirement planning and passive income."
05/09/2026 09:57:51,chmcs2026.sujal.pawar@gmail.com,SUJAL PAWAR ,3rd Year,Science,Living with Parents,Public Transport (Bus/Metro/Train),Parents / Guardians,"₹5,000-₹10,000",I don't track it,Yes,Yes,Weekly,"Eating Out / Cafes, Public Transport, Ride-hailing (Uber/Ola/Rapido), Gaming & Digital In-app Purchases, Subscriptions (Netflix, Spotify, etc.)",3,3,5,5,5,No,Yes,"Direct Equity / Stocks, Mutual Funds & Index Funds, Cryptocurrency & Digital Assets, Real Estate, Gold / Commodities",Weekly,Fear of market volatility and losing money,"Maximizing active income (e.g., career growth, side hustles)",Nothing 
05/09/2026 10:07:08,padmshreepatil11@gmail.com,Padmshree Patil ,3rd Year,Science,Living with Parents,Public Transport (Bus/Metro/Train),Parents / Guardians,"Under ₹2,000",Mobile App,Yes,No,Rarely / Never,Academic Supplies & Books,4,2,3,2,2,No,Yes,"Real Estate, Gold / Commodities",Weekly,Lack of reliable financial education,"Optimizing passive income (e.g., algorithmic trading, dividend stocks, real estate)","I would like to learn about basic investing, mutual funds, SIPs and how to manage personal finances. I would also be interested to understand stock market trends and analysis."
05/09/2026 10:17:47,diyashekhawat25@gmail.com,Diya Shekhawat ,2nd Year,Data science ,Living with Parents,Public Transport (Bus/Metro/Train),Parents / Guardians,"Under ₹2,000",I don't track it,No,No,Rarely / Never,Public Transport,3,3,3,3,3,No,Yes,"Direct Equity / Stocks, Mutual Funds & Index Funds",Monthly,Lack of reliable financial education,"Maximizing active income (e.g., career growth, side hustles)","Budgeting, saving, investing basics, stocks, mutual funds, and risk management."
05/09/2026 10:21:03,govindshekhawat1123@gmail.com,Govind shekhawat ,2nd Year,Data science ,Living with Parents,Public Transport (Bus/Metro/Train),Parents / Guardians,"Under ₹2,000",I don't track it,No,No,Rarely / Never,"Eating Out / Cafes, Ride-hailing (Uber/Ola/Rapido), Impulse Online Shopping",4,1,3,2,2,No,Yes,Direct Equity / Stocks,Monthly,Lack of reliable financial education,"Maximizing active income (e.g., career growth, side hustles)","I would like to see topics like basic investment, budgeting,stock market basic for Students "
05/09/2026 10:57:49,sharvariamirgal@gmail.com,Sharvari Mirgal ,2nd Year,Science,Living with Parents,Public Transport (Bus/Metro/Train),Parents / Guardians,"Under ₹2,000",Mobile App,Yes,No,Weekly,"Subscriptions (Netflix, Spotify, etc.), Academic Supplies & Books",2,1,5,3,4,No,Yes,"Mutual Funds & Index Funds, Gold / Commodities",Monthly,Analysis paralysis from too many platforms and options,"Maximizing active income (e.g., career growth, side hustles)","Practical strategies for managing student loans, tracking expenses, and building an emergency fund."
05/09/2026 11:06:12,faridhaadi64@gmail.com,Farid Haadi ,2nd Year,Science,Living with Parents,Public Transport (Bus/Metro/Train),Parents / Guardians,"Under ₹2,000",I don't track it,No,No,Rarely / Never,None of the above,1,5,5,5,3,No,No,Direct Equity / Stocks,Weekly,Lack of initial capital,"Maximizing active income (e.g., career growth, side hustles)",..
05/09/2026 11:11:13,satyamgupta241206@gmail.com,Satyam Gupta ,3rd Year,Commerce & Management,Living with Parents,Public Transport (Bus/Metro/Train),Parents / Guardians,"Under ₹2,000",Mental Math,Yes,No,Weekly,"Eating Out / Cafes, Public Transport, Subscriptions (Netflix, Spotify, etc.)",1,3,5,1,3,Yes,Yes,Mutual Funds & Index Funds,Monthly,Analysis paralysis from too many platforms and options,"Maximizing active income (e.g., career growth, side hustles)","I would like workshops on budgeting, saving, investing basics, stock market analysis, mutual funds, and risk management, with practical examples for beginners."
05/09/2026 11:24:06,prashansakhedkar17@gmail.com,Prashansa Khedkar ,2nd Year,Commerce & Management,Living with Parents,Public Transport (Bus/Metro/Train),Parents / Guardians,"₹5,000-₹10,000",I don't track it,No,No,Weekly,None of the above,1,1,5,5,4,No,Yes,Mutual Funds & Index Funds,Weekly,Analysis paralysis from too many platforms and options,Strict budgeting and extreme frugality,"For future workshop and campus events structuring financial education into three progressive pillars, FOUNDATIONAL PERSON FINANCE, MODERN MARKET ANALYSIS, STRATEGIC INVESTING will directly target the needs of students and young professionals preparing for the real world."
05/09/2026 11:37:26,bhataneshivanjali@gmail.com,Shivanjali Vitthal Bhatane ,2nd Year,Science,Living with Parents,Public Transport (Bus/Metro/Train),Parents / Guardians,"Under ₹2,000",I don't track it,No,No,Rarely / Never,"Public Transport, ",1,1,3,3,3,No,Yes,"Real Estate, Gold / Commodities",Weekly,Analysis paralysis from too many platforms and options,"Maximizing active income (e.g., career growth, side hustles)",Mutual funds 
05/09/2026 11:40:28,diyamahipatrao11@gmail.com,Diya Mahipatrao ,2nd Year,Science,Living with Parents,Public Transport (Bus/Metro/Train),Parents / Guardians,"Under ₹2,000",I don't track it,No,No,Rarely / Never,"Eating Out / Cafes, Public Transport, Ride-hailing (Uber/Ola/Rapido), Impulse Online Shopping",5,5,5,5,5,Yes,Yes,"Direct Equity / Stocks, Mutual Funds & Index Funds, Gold / Commodities",Monthly,Analysis paralysis from too many platforms and options,"Maximizing active income (e.g., career growth, side hustles)",Personal finance
05/09/2026 11:52:57,ashkagorle@gmail.com,Ashka Gorale ,2nd Year,Engineering & IT,Living with Parents,Public Transport (Bus/Metro/Train),Parents / Guardians,"₹2,000-₹5,000",I don't track it,No,No,Rarely / Never,Public Transport,3,1,4,3,3,No,Yes,Mutual Funds & Index Funds,Quarterly,Analysis paralysis from too many platforms and options,Strict budgeting and extreme frugality,-
05/09/2026 12:06:00,simonmasih1208@gmail.com,Simon ,2nd Year,Data Science ,Living with Parents,Public Transport (Bus/Metro/Train),Parents / Guardians,"Under ₹2,000",Mental Math,Yes,No,Rarely / Never,"Eating Out / Cafes, Public Transport, Ride-hailing (Uber/Ola/Rapido), Academic Supplies & Books",1,4,5,3,4,No,Yes,Cryptocurrency & Digital Assets,Quarterly,Fear of market volatility and losing money,Strict budgeting and extreme frugality,"Basic investing, budgeting, stock market analysis, mutual funds, SIPs, and risk management.
"
05/09/2026 12:16:58,prachimohite493@gmail.com,Prachi Mohite ,2nd Year,Engineering & IT,Living with Parents,Public Transport (Bus/Metro/Train),Personal Savings,"Under ₹2,000",Mental Math,No,No,Rarely / Never,"Eating Out / Cafes, Public Transport, Subscriptions (Netflix, Spotify, etc.), Academic Supplies & Books",3,3,5,3,2,No,Yes,"Direct Equity / Stocks, Mutual Funds & Index Funds",Quarterly,Lack of reliable financial education,"Maximizing active income (e.g., career growth, side hustles)","Basics of budgeting, how to start investing with small amounts, understanding mutual funds and SIPs, and practical tips on building an emergency fund as a student."
05/09/2026 12:25:51,samruddhivichare8@gmail.com,Samruddhi vichare ,2nd Year,Medical & Health Sciences,Living with Parents,Public Transport (Bus/Metro/Train),Parents / Guardians,"Under ₹2,000",I don't track it,No,No,Monthly,Academic Supplies & Books,1,3,5,3,3,No,Yes,Mutual Funds & Index Funds,Monthly,Fear of market volatility and losing money,Strict budgeting and extreme frugality,Workshop 
05/09/2026 12:36:33,talekarrohit7@gmail.com,ROHIT,Post-Grad,Science,Living with Parents,Personal Vehicle (Bike/Car),Parents / Guardians,"Above ₹10,000",Spreadsheet,Yes,Yes,Weekly,Ride-hailing (Uber/Ola/Rapido),1,5,3,5,5,No,Yes,"Direct Equity / Stocks, Real Estate, Gold / Commodities",Weekly,Fear of market volatility and losing money,"Optimizing passive income (e.g., algorithmic trading, dividend stocks, real estate)","How to invest, how much to invest and where to invest"
05/09/2026 12:40:25,anujaatkari1@gmail.com,Anuja suresh Atkari,1st Year,Engineering & IT,Living with Parents,Public Transport (Bus/Metro/Train),Parents / Guardians,"₹2,000-₹5,000",I don't track it,No,No,Rarely / Never,Eating Out / Cafes,1,4,3,3,2,No,No,Direct Equity / Stocks,Monthly,Fear of market volatility and losing money,"Maximizing active income (e.g., career growth, side hustles)",I would like to learn more about budgeting stock market basics  and technical anyasis  and long term investing statergies 
05/09/2026 12:54:42,yashikamahadeshwar@gmail.com,Yashika Mahadeshwar,2nd Year,Science,Living with Parents,Public Transport (Bus/Metro/Train),Parents / Guardians,"₹2,000-₹5,000",I don't track it,No,No,Rarely / Never,"Eating Out / Cafes, Public Transport, Ride-hailing (Uber/Ola/Rapido), Academic Supplies & Books",3,2,3,2,2,No,Yes,"Mutual Funds & Index Funds, Real Estate",Quarterly,Lack of reliable financial education,"Maximizing active income (e.g., career growth, side hustles)",Ntg
05/09/2026 12:57:37,anandkaraarya@gmail.com,Aarya Anandkar ,2nd Year,Bsc IT,Renting Privately / PG,Public Transport (Bus/Metro/Train),Parents / Guardians,"₹2,000-₹5,000",I don't track it,No,No,Weekly,Eating Out / Cafes,4,3,5,5,4,No,Yes,Gold / Commodities,Weekly,Fear of market volatility and losing money,Strict budgeting and extreme frugality,"I would like to see workshops on budgeting, saving money, understanding the stock market, mutual funds, SIPs, and basic investing strategies, along with practical tips for managing personal finances as a student."
05/09/2026 12:58:09,shaikhshafiya4565@gmail.com,Shaikh Shafiya Ismail ,1st Year,Medical & Health Sciences,College Hostel,Walking/Staying on campus,Parents / Guardians,"₹2,000-₹5,000",Pen and Paper,No,No,Rarely / Never,Eating Out / Cafes,1,1,5,1,2,Yes,No,Gold / Commodities,Monthly,Lack of reliable financial education,"Maximizing active income (e.g., career growth, side hustles)",No idea about it
05/09/2026 13:01:35,amrutakhonde50@gmail.com,Amruta vijay khonde ,1st Year,Science,College Hostel,Walking/Staying on campus,Parents / Guardians,"Under ₹2,000",Pen and Paper,No,No,Rarely / Never,None of the above,1,2,5,3,3,No,No,Gold / Commodities,Weekly,Analysis paralysis from too many platforms and options,"Maximizing active income (e.g., career growth, side hustles)",Not decider yet
05/09/2026 13:08:08,deshmukh123abdullah@gmail.com,Abdullah Deshmukh,4th Year,Science,Living with Parents,Public Transport (Bus/Metro/Train),Freelance / Side Hustle,"₹5,000-₹10,000",I don't track it,Yes,Yes,Weekly,"Eating Out / Cafes, Public Transport, Ride-hailing (Uber/Ola/Rapido), Gaming & Digital In-app Purchases, Subscriptions (Netflix, Spotify, etc.), Impulse Online Shopping",1,1,5,5,5,No,No,"Direct Equity / Stocks, Real Estate, Gold / Commodities",Weekly,Lack of initial capital,"Optimizing passive income (e.g., algorithmic trading, dividend stocks, real estate)",Lets talk about the system’s glitches caused by primitive education system causing students to not have jobs in end of their degrees 
05/09/2026 13:10:10,aditeekatdare@gmail.com,Aditee Katdare ,2nd Year,Engineering & IT,Living with Parents,Public Transport (Bus/Metro/Train),Parents / Guardians,"Under ₹2,000",Mobile App,Yes,Yes,Monthly,Public Transport,2,1,1,3,3,No,Yes,Real Estate,Monthly,Analysis paralysis from too many platforms and options,"Maximizing active income (e.g., career growth, side hustles)","Basics of investing, stock market analysis, budgeting, and personal finance management."
05/09/2026 13:10:43,riteshbhadkumbhe9.ix@gmail.com,Ritesh ,3rd Year,Commerce & Management,Living with Parents,Cab/Auto-rickshaw,Part-time Job,"₹2,000-₹5,000",Mobile App,Yes,No,Weekly,Hospital ,1,1,4,5,5,No,Yes,"Direct Equity / Stocks, Real Estate, Gold / Commodities",Monthly,Lack of initial capital,Strict budgeting and extreme frugality,.
05/09/2026 13:12:11,ketakikadam2007@gmail.com,Ketaki kadam ,2nd Year,Commerce & Management,Living with Parents,Public Transport (Bus/Metro/Train),Parents / Guardians,"₹2,000-₹5,000",Mobile App,No,Yes,Rarely / Never,"Eating Out / Cafes, Public Transport, Academic Supplies & Books",1,2,5,5,5,No,Yes,"Real Estate, Gold / Commodities",Monthly,Analysis paralysis from too many platforms and options,"Optimizing passive income (e.g., algorithmic trading, dividend stocks, real estate)","Maybe market analysis and strategies or fundamental investment 
"
05/09/2026 13:17:07,nimjevedanti@gmail.com,Vedanti Nimje ,2nd Year,Engineering & IT,Living with Parents,Public Transport (Bus/Metro/Train),Parents / Guardians,"₹2,000-₹5,000",Mobile App,Yes,No,Rarely / Never,"Eating Out / Cafes, Public Transport, Academic Supplies & Books",2,4,5,5,4,Yes,Yes,"Mutual Funds & Index Funds, Real Estate, Gold / Commodities",Monthly,Analysis paralysis from too many platforms and options,Strict budgeting and extreme frugality,"I don’t have much knowledge about finance or investing, but I’d be interested in learning the basics of personal finance and how investing works."
05/09/2026 13:19:48,mishrashweta014@gmail.com,Shweta Mishra ,2nd Year,Engineering & IT,Living with Parents,Public Transport (Bus/Metro/Train),Parents / Guardians,"₹5,000-₹10,000",I don't track it,No,No,Rarely / Never,"Eating Out / Cafes, Public Transport, Impulse Online Shopping",1,5,5,4,3,No,No,"Mutual Funds & Index Funds, Gold / Commodities",Monthly,Analysis paralysis from too many platforms and options,Strict budgeting and extreme frugality,"Basic investing, stock market analysis, mutual funds, budgeting, and how to manage personal finances as a student"
05/09/2026 13:21:03,abrelferns12@gmail.com,Abrelicia Fernandes ,2nd Year,Engineering & IT,Living with Parents,Cab/Auto-rickshaw,Parents / Guardians,"Under ₹2,000",Mental Math,Yes,No,Weekly,"Eating Out / Cafes, Public Transport, Academic Supplies & Books",2,2,3,3,3,No,Yes,"Direct Equity / Stocks, Mutual Funds & Index Funds",Monthly,Fear of market volatility and losing money,"Maximizing active income (e.g., career growth, side hustles)","I would like to see topics covered in future workshops on stock market basics, mutual funds, SIPs, budgeting, tax planning, and practical investment strategies for beginners."
05/09/2026 13:21:46,at579881@gmail.com,Adarsh,2nd Year,Science,Living with Parents,Public Transport (Bus/Metro/Train),Parents / Guardians,"Under ₹2,000",I don't track it,Yes,No,Weekly,Public Transport,3,3,3,3,3,No,No,"Real Estate, Gold / Commodities",Annually,Lack of initial capital,Strict budgeting and extreme frugality,No
05/09/2026 13:33:06,karanmuranjan@gmail.com,Karan Milind Muranjan,3rd Year,B. Sc. in Data Science,Living with Parents,Public Transport (Bus/Metro/Train),Parents / Guardians,"Under ₹2,000",Mobile App,No,No,Monthly,"Eating Out / Cafes, Public Transport, Ride-hailing (Uber/Ola/Rapido), Impulse Online Shopping, Academic Supplies & Books, Diet",5,3,1,3,2,No,Yes,"Mutual Funds & Index Funds, Cryptocurrency & Digital Assets, Real Estate, Gold / Commodities",Monthly,Lack of reliable financial education,"Optimizing passive income (e.g., algorithmic trading, dividend stocks, real estate)",about financial investments
05/09/2026 13:38:13,sunnygautam9324@gmail.com,Sunny Gautam ,3rd Year,Medical & Health Sciences,Living with Parents,Personal Vehicle (Bike/Car),Parents / Guardians,"₹2,000-₹5,000",Mobile App,No,No,Rarely / Never,None of the above,1,2,4,1,1,No,No,Direct Equity / Stocks,Annually,Analysis paralysis from too many platforms and options,"Maximizing active income (e.g., career growth, side hustles)",Nothing 
05/09/2026 13:44:52,tanishqbhalekar07@gmail.com,Tanishq Bhalekar ,1st Year,Engineering & IT,Living with Parents,Public Transport (Bus/Metro/Train),Part-time Job,"₹5,000-₹10,000",I don't track it,Yes,Yes,Weekly,"Eating Out / Cafes, Public Transport, Ride-hailing (Uber/Ola/Rapido), Gaming & Digital In-app Purchases, Subscriptions (Netflix, Spotify, etc.), Impulse Online Shopping, Academic Supplies & Books",3,3,3,3,3,Yes,Yes,"Real Estate, Gold / Commodities",Monthly,Fear of market volatility and losing money,"Maximizing active income (e.g., career growth, side hustles)",Financial analysis 
05/09/2026 13:52:56,rishipandey6575@gmail.com,Rishi ,2nd Year,Science,Living with Parents,Public Transport (Bus/Metro/Train),Parents / Guardians,"Under ₹2,000",I don't track it,No,No,Rarely / Never,"Eating Out / Cafes, Public Transport",1,4,3,1,1,No,Yes,"Direct Equity / Stocks, Mutual Funds & Index Funds, Cryptocurrency & Digital Assets",Monthly,Fear of market volatility and losing money,"Maximizing active income (e.g., career growth, side hustles)",Financial management 
05/09/2026 13:58:04,reyysamm120@gmail.com,R,1st Year,Arts & Humanities,Living with Parents,Public Transport (Bus/Metro/Train),Freelance / Side Hustle,"₹2,000-₹5,000",Mental Math,Yes,No,Monthly,"Eating Out / Cafes, Public Transport, Impulse Online Shopping, Academic Supplies & Books",4,2,4,4,4,Yes,Yes,"Direct Equity / Stocks, Mutual Funds & Index Funds",Monthly,Fear of market volatility and losing money,"Maximizing active income (e.g., career growth, side hustles)",Finances handling and investment strategies 
05/09/2026 14:00:41,tanujamuchandi01@gmail.com,Tanuja Tanaji Muchandi ,3rd Year,Medical & Health Sciences,Living with Parents,Public Transport (Bus/Metro/Train),Parents / Guardians,"Under ₹2,000",I don't track it,No,No,Weekly,Academic Supplies & Books,1,1,4,3,3,No,Yes,Cryptocurrency & Digital Assets,Monthly,Lack of reliable financial education,"Optimizing passive income (e.g., algorithmic trading, dividend stocks, real estate)",Market analysis 
05/09/2026 14:03:08,mitali.n024@gmail.com,M,2nd Year,Engineering & IT,Living with Parents,Public Transport (Bus/Metro/Train),Parents / Guardians,"₹2,000-₹5,000",Mental Math,Yes,No,Rarely / Never,"Eating Out / Cafes, Public Transport, Impulse Online Shopping",2,3,4,4,3,No,Yes,"Direct Equity / Stocks, Mutual Funds & Index Funds, Gold / Commodities",Monthly,Fear of market volatility and losing money,"Maximizing active income (e.g., career growth, side hustles)","Budgeting, stock market basics, mutual funds, SIPs, and beginner-friendly investing strategies"
05/09/2026 14:06:23,sadgeeomble@gmail.com,Sadgee Rakesh Omble ,1st Year,Commerce & Management,Living with Parents,Public Transport (Bus/Metro/Train),Parents / Guardians,"Under ₹2,000",Mobile App,No,No,Weekly,"Public Transport, Ride-hailing (Uber/Ola/Rapido), Academic Supplies & Books, Ice cream",1,1,3,4,3,No,Yes,"Direct Equity / Stocks, Mutual Funds & Index Funds, Cryptocurrency & Digital Assets",Monthly,Fear of market volatility and losing money,"Optimizing passive income (e.g., algorithmic trading, dividend stocks, real estate)","I would like to learn about budgeting and saving, basics of stock market investing, mutual funds and SIPs, understanding market trends, risk management, and how to start investing as a student."
05/09/2026 14:07:05,patekarkrupa@gmail.com,Krupa Patekar ,2nd Year,Data Science ,Living with Parents,Public Transport (Bus/Metro/Train),Parents / Guardians,"Under ₹2,000",Pen and Paper,No,No,Weekly,"Eating Out / Cafes, Academic Supplies & Books",1,2,1,5,3,No,Yes,Mutual Funds & Index Funds,Weekly,Fear of market volatility and losing money,"Maximizing active income (e.g., career growth, side hustles)",Awareness about future financial planning and management. 
05/09/2026 14:10:24,dp9073466@gmail.com,Dharmendra pal,2nd Year,Data Science ,Living with Parents,Public Transport (Bus/Metro/Train),Parents / Guardians,"Under ₹2,000",I don't track it,No,No,Rarely / Never,None of the above,3,3,3,2,2,Yes,No,Gold / Commodities,Annually,Fear of market volatility and losing money,"Optimizing passive income (e.g., algorithmic trading, dividend stocks, real estate)",No
05/09/2026 14:11:56,angelshahi3693@gmail.com,Angel,3rd Year,Engineering & IT,Living with Parents,Cab/Auto-rickshaw,Parents / Guardians,"₹2,000-₹5,000",Mobile App,Yes,No,Rarely / Never,"Eating Out / Cafes, Public Transport, Ride-hailing (Uber/Ola/Rapido)",1,3,4,3,3,No,Yes,Mutual Funds & Index Funds,Monthly,Fear of market volatility and losing money,"Optimizing passive income (e.g., algorithmic trading, dividend stocks, real estate)","I'd like to see events covering basic workshops on how to start investing with small amounts of money as a student , and guides on creating personal budget...it feels overwhleming because there are too many apps , funds & a lot to choose from ."
05/09/2026 14:12:56,yasminsaba1219@gmail.com,Yasmin saba ,1st Year,Arts & Humanities,Renting Privately / PG,Public Transport (Bus/Metro/Train),Parents / Guardians,"₹2,000-₹5,000",I don't track it,No,No,Monthly,"Eating Out / Cafes, Public Transport, Ride-hailing (Uber/Ola/Rapido), Academic Supplies & Books",1,2,5,5,5,No,Yes,"Direct Equity / Stocks, Real Estate",Monthly,Lack of initial capital,"Maximizing active income (e.g., career growth, side hustles)",I would like to know about market stock share everything
05/09/2026 14:19:55,bhawanachouhan2007@gmail.com,Bhawna,2nd Year,Engineering & IT,Living with Parents,Public Transport (Bus/Metro/Train),Parents / Guardians,"Under ₹2,000",Mental Math,Yes,No,Weekly,"Eating Out / Cafes, Public Transport",2,1,5,2,3,No,Yes,"Mutual Funds & Index Funds, Cryptocurrency & Digital Assets, Gold / Commodities",Weekly,Fear of market volatility and losing money,"Maximizing active income (e.g., career growth, side hustles)",Financial planning
05/09/2026 14:23:21,vasudevpremamit@gmail.com,Vasudev,2nd Year,Science,Living with Parents,Personal Vehicle (Bike/Car),Freelance / Side Hustle,"Above ₹10,000",Mobile App,No,Yes,Monthly,"Eating Out / Cafes, Public Transport, Ride-hailing (Uber/Ola/Rapido), Gaming & Digital In-app Purchases, Subscriptions (Netflix, Spotify, etc.), Impulse Online Shopping, Academic Supplies & Books, None of the above",5,2,5,4,3,Yes,Yes,"Mutual Funds & Index Funds, Cryptocurrency & Digital Assets, Real Estate, Gold / Commodities",Weekly,Lack of reliable financial education,"Maximizing active income (e.g., career growth, side hustles)",Make money spend money ✨
05/09/2026 14:36:50,aryandeshmukh915@gmail.com,Aryan Vijay Deshmukh ,2nd Year,Science,Living with Parents,Personal Vehicle (Bike/Car),Parents / Guardians,"Under ₹2,000",Pen and Paper,Yes,No,Monthly,"Eating Out / Cafes, Public Transport, Subscriptions (Netflix, Spotify, etc.), Academic Supplies & Books",1,1,5,5,4,No,Yes,"Real Estate, Gold / Commodities",Monthly,Lack of initial capital,"Maximizing active income (e.g., career growth, side hustles)",🙂‍↔️
05/09/2026 14:42:03,gaganpreetg93@gmail.com,Gaganpreet Kaur Gill ,3rd Year,Medical & Health Sciences,Renting Privately / PG,Personal Vehicle (Bike/Car),Parents / Guardians,"₹2,000-₹5,000",I don't track it,No,No,Rarely / Never,"Eating Out / Cafes, Public Transport, Subscriptions (Netflix, Spotify, etc.), Impulse Online Shopping, Academic Supplies & Books",5,5,5,3,3,No,Yes,Gold / Commodities,Monthly,Lack of reliable financial education,"Maximizing active income (e.g., career growth, side hustles)",How to invest money as a beginner 
05/09/2026 14:42:16,xarmchintu976@gmail.com,Chanchal Sharma,2nd Year,Engineering & IT,Renting Privately / PG,Personal Vehicle (Bike/Car),Part-time Job,"₹5,000-₹10,000",I don't track it,Yes,No,Monthly,"Eating Out / Cafes, Ride-hailing (Uber/Ola/Rapido), Gaming & Digital In-app Purchases, Subscriptions (Netflix, Spotify, etc.)",3,1,1,1,1,Yes,Yes,"Mutual Funds & Index Funds, Cryptocurrency & Digital Assets, Real Estate",Quarterly,Analysis paralysis from too many platforms and options,Strict budgeting and extreme frugality,A market survey 
05/09/2026 14:43:54,angreshubham4@gmail.com,Shubham Rahul Angre ,3rd Year,Engineering & IT,Living with Parents,Public Transport (Bus/Metro/Train),Parents / Guardians,"Under ₹2,000",Mental Math,Yes,No,Rarely / Never,"Eating Out / Cafes, Public Transport, Academic Supplies & Books",1,2,4,3,3,No,Yes,"Direct Equity / Stocks, Cryptocurrency & Digital Assets",Monthly,Analysis paralysis from too many platforms and options,"Optimizing passive income (e.g., algorithmic trading, dividend stocks, real estate)",N.A
05/09/2026 14:47:56,satnamsinghvohra20@gmail.com,Satnam singh ,2nd Year,Engineering & IT,Living with Parents,Personal Vehicle (Bike/Car),Personal Savings,"Above ₹10,000",I don't track it,Yes,Yes,Daily,"Eating Out / Cafes, Subscriptions (Netflix, Spotify, etc.), Clothes ",5,5,5,5,5,No,Yes,Real Estate,Weekly,Analysis paralysis from too many platforms and options,"Maximizing active income (e.g., career growth, side hustles)","I would like workshops on budgeting and saving, stock market basics, mutual funds and SIPs, taxation, risk management, portfolio diversification, and how to analyze stocks and market trends. Practical sessions with real-world examples and beginner-friendly investment strategies would be especially useful"
05/09/2026 14:52:49,khushbuchoudhury7@gmail.com,Khushbu,2nd Year,Commerce & Management,Living with Parents,Public Transport (Bus/Metro/Train),Parents / Guardians,"Under ₹2,000",Pen and Paper,Yes,No,Weekly,"Public Transport, Academic Supplies & Books",1,1,4,2,3,Yes,Yes,"Real Estate, Gold / Commodities",Monthly,Lack of reliable financial education,"Optimizing passive income (e.g., algorithmic trading, dividend stocks, real estate)",Navigation of students debts
05/09/2026 15:02:57,hardikshirvastav31@gmail.com,Shrivastav Raj ,2nd Year,Commerce & Management,Living with Parents,Personal Vehicle (Bike/Car),Part-time Job,"₹5,000-₹10,000",Mobile App,Yes,Yes,Daily,Gaming & Digital In-app Purchases,1,1,1,4,1,Yes,Yes,Direct Equity / Stocks,Weekly,Fear of market volatility and losing money,"Maximizing active income (e.g., career growth, side hustles)",Fund's 
05/09/2026 15:10:10,sancheetahagarga@gmail.com,Sancheeta Hagarga ,2nd Year,Science,Living with Parents,Cab/Auto-rickshaw,Parents / Guardians,"Under ₹2,000",I don't track it,Yes,No,Rarely / Never,Ride-hailing (Uber/Ola/Rapido),2,5,3,3,2,No,Yes,Cryptocurrency & Digital Assets,Monthly,Fear of market volatility and losing money,Strict budgeting and extreme frugality,"I would like to see topics like basic investing, stock market analysis, mutual funds, and personal budgeting."
05/09/2026 15:13:38,maryamkohari776@gmail.com,Maryam ,2nd Year,Medical & Health Sciences,Living with Parents,Public Transport (Bus/Metro/Train),Parents / Guardians,"₹5,000-₹10,000",I don't track it,Yes,No,Monthly,"Eating Out / Cafes, Subscriptions (Netflix, Spotify, etc.), Impulse Online Shopping",4,4,3,4,2,No,Yes,"Cryptocurrency & Digital Assets, Real Estate, Gold / Commodities",Monthly,Analysis paralysis from too many platforms and options,"Maximizing active income (e.g., career growth, side hustles)","Workshops on building investment portfolios, personal budgeting, and analyzing market trends would be great.Additional topics could include cryptocurrency basics, estate planning, or how to use automated investing tools."
05/09/2026 15:18:40,aditishelar17705@gmail.com,Aditi Shelar,3rd Year,Engineering & IT,Living with Parents,Public Transport (Bus/Metro/Train),Parents / Guardians,"₹2,000-₹5,000",Mobile App,No,No,Weekly,"Eating Out / Cafes, Public Transport, Academic Supplies & Books",1,4,4,4,4,No,Yes,"Direct Equity / Stocks, Mutual Funds & Index Funds, Gold / Commodities",Annually,Lack of reliable financial education,"Optimizing passive income (e.g., algorithmic trading, dividend stocks, real estate)","Investment, mutual funds etc"
05/09/2026 15:29:34,saudakhtarsheikh@gmail.com,Saud Akhtar Nasim Akhtar Siddiqui ,2nd Year,Commerce & Management,Living with Parents,Public Transport (Bus/Metro/Train),Parents / Guardians,"₹5,000-₹10,000",I don't track it,No,Yes,Rarely / Never,None of the above,2,2,5,3,2,No,Yes,"Direct Equity / Stocks, Mutual Funds & Index Funds, Cryptocurrency & Digital Assets, Real Estate, Gold / Commodities",Monthly,Analysis paralysis from too many platforms and options,"Optimizing passive income (e.g., algorithmic trading, dividend stocks, real estate)","Market Analysis & Modern InvestingDemystifying the Stock Market: A beginner's guide to how the stock market actually works, moving past the jargon to understand market indices, sectors, and market capitalization."
05/09/2026 15:29:43,harshalipatil0408@gmail.com,Harshali Suresh Patil ,2nd Year,Science,Living with Parents,Public Transport (Bus/Metro/Train),Parents / Guardians,"Under ₹2,000",Mobile App,No,No,Weekly,Eating Out / Cafes,2,3,4,4,3,Yes,Yes,Gold / Commodities,Quarterly,Fear of market volatility and losing money,"Maximizing active income (e.g., career growth, side hustles)","Stock market basics, mutual funds, SIPs, budgeting, saving, financial planning, and safe investing for beginners."
05/09/2026 15:30:52,sanjanareshim84@gmail.com,Siddhi Sanjay Reshim ,2nd Year,Science,Living with Parents,Public Transport (Bus/Metro/Train),Parents / Guardians,"Under ₹2,000",Pen and Paper,Yes,No,Weekly,"Eating Out / Cafes, Public Transport, Impulse Online Shopping, Academic Supplies & Books",1,5,3,4,4,Yes,No,"Direct Equity / Stocks, Mutual Funds & Index Funds, Gold / Commodities",Monthly,Fear of market volatility and losing money,"Maximizing active income (e.g., career growth, side hustles)",Investing 
05/09/2026 15:32:08,hanigazi17@gmail.com,Hani Gazi ,2nd Year,Engineering & IT,Living with Parents,Public Transport (Bus/Metro/Train),Parents / Guardians,"₹2,000-₹5,000",I don't track it,Yes,No,Rarely / Never,"Eating Out / Cafes, Public Transport, Impulse Online Shopping",2,5,3,4,2,No,Yes,Gold / Commodities,Monthly,Lack of reliable financial education,"Maximizing active income (e.g., career growth, side hustles)",Personal finance 
05/09/2026 15:39:11,khandareyuvraj321@gmail.com,Yuvraj khandre,3rd Year,Commerce & Management,Living with Parents,Walking/Staying on campus,Part-time Job,"Above ₹10,000",Mental Math,Yes,Yes,Weekly,Eating Out / Cafes,3,3,3,3,3,No,Yes,Mutual Funds & Index Funds,Weekly,Lack of initial capital,"Optimizing passive income (e.g., algorithmic trading, dividend stocks, real estate)",No
05/09/2026 15:39:15,nandan.poojary21@gmail.com,Nandan ,3rd Year,Commerce & Management,Living with Parents,Public Transport (Bus/Metro/Train),Parents / Guardians,"Under ₹2,000",Mental Math,No,No,Rarely / Never,Eating Out / Cafes,3,3,3,3,3,No,No,"Mutual Funds & Index Funds, Cryptocurrency & Digital Assets, Gold / Commodities",Monthly,Lack of reliable financial education,"Maximizing active income (e.g., career growth, side hustles)",Ai
05/09/2026 15:40:31,anushkagaikwad829@gmail.com,Anushka Gaikwad,2nd Year,Science,Living with Parents,Public Transport (Bus/Metro/Train),Parents / Guardians,"Under ₹2,000",I don't track it,Yes,No,Rarely / Never,Clothes,1,2,5,4,4,No,Yes,Mutual Funds & Index Funds,Monthly,Fear of market volatility and losing money,Strict budgeting and extreme frugality,None
05/09/2026 15:56:18,anjali2022.cs@gmail.com,Anjali ,3rd Year,Arts & Humanities,Living with Parents,Public Transport (Bus/Metro/Train),Parents / Guardians,"Under ₹2,000",I don't track it,No,No,Rarely / Never,"Eating Out / Cafes, Public Transport, Ride-hailing (Uber/Ola/Rapido), Academic Supplies & Books",3,1,4,3,1,No,Yes,Gold / Commodities,Monthly,Fear of market volatility and losing money,"Maximizing active income (e.g., career growth, side hustles)",Dk
05/09/2026 16:08:02,it24.amey.kangle@kccemsr.edu.in,AmeyJoddd,3rd Year,Engineering & IT,Living with Parents,Public Transport (Bus/Metro/Train),Parents / Guardians,"Under ₹2,000",Mobile App,Yes,No,Monthly,Public Transport,1,1,4,5,5,No,No,"Cryptocurrency & Digital Assets, Real Estate, Gold / Commodities",Monthly,Analysis paralysis from too many platforms and options,"Optimizing passive income (e.g., algorithmic trading, dividend stocks, real estate)",Null
05/09/2026 16:11:43,wahabgold30@gmail.com,Mir abuwahab ali ,3rd Year,Commerce & Management,Living with Parents,Walking/Staying on campus,Parents / Guardians,"Under ₹2,000",I don't track it,No,No,Rarely / Never,None of the above,3,1,1,1,1,Yes,No,Direct Equity / Stocks,Weekly,Analysis paralysis from too many platforms and options,Strict budgeting and extreme frugality,Not sure about it
05/09/2026 16:18:10,sejalmirkute12@gmail.com,Sejal Sachin Mirkute ,2nd Year,Commerce & Management,Living with Parents,Public Transport (Bus/Metro/Train),Parents / Guardians,"Under ₹2,000",Mental Math,Yes,No,Weekly,Eating Out / Cafes,5,3,5,3,3,Yes,Yes,Direct Equity / Stocks,Weekly,Lack of reliable financial education,"Optimizing passive income (e.g., algorithmic trading, dividend stocks, real estate)",Managing personal finances through investments/trading in market  
05/09/2026 16:30:28,yashrajprasad755@gmail.com,Yashraj prasad,2nd Year,Science,Living with Parents,Public Transport (Bus/Metro/Train),Parents / Guardians,"Under ₹2,000",Mental Math,No,No,Weekly,Public Transport,1,2,5,5,3,No,No,"Direct Equity / Stocks, Mutual Funds & Index Funds, Real Estate",Monthly,Lack of initial capital,"Optimizing passive income (e.g., algorithmic trading, dividend stocks, real estate)",None
05/09/2026 16:33:46,antaradeshmukh123@gmail.com,Antara Prakash Deshmukh ,3rd Year,Science,Living with Parents,Public Transport (Bus/Metro/Train),Parents / Guardians,"Under ₹2,000",Mental Math,Yes,No,Rarely / Never,Academic Supplies & Books,1,4,4,4,2,No,Yes,Direct Equity / Stocks,Monthly,Lack of reliable financial education,"Optimizing passive income (e.g., algorithmic trading, dividend stocks, real estate)","Personal finance basics , investing strategies."
05/09/2026 16:36:17,gungunvarnawal30@gmail.com,Roshni Singh ,3rd Year,Science,Living with Parents,Public Transport (Bus/Metro/Train),Parents / Guardians,"Under ₹2,000",Mental Math,No,No,Rarely / Never,Eating Out / Cafes,3,2,4,1,3,No,Yes,Gold / Commodities,Monthly,Lack of reliable financial education,Strict budgeting and extreme frugality,Low budget investment plateforms
05/09/2026 16:36:18,princekumar976600@gmail.com,Shreyansh sahu ,1st Year,Engineering & IT,Living with Parents,Public Transport (Bus/Metro/Train),Parents / Guardians,"Under ₹2,000",I don't track it,Yes,No,Rarely / Never,Public Transport,1,5,5,1,1,Yes,No,"Mutual Funds & Index Funds, Gold / Commodities",Weekly,Lack of initial capital,Strict budgeting and extreme frugality,How to maximize profit at least loss
05/09/2026 16:49:30,laddaksh0405@gmail.com,Daksh Lad,1st Year,Engineering & IT,Living with Parents,Cab/Auto-rickshaw,Parents / Guardians,"Under ₹2,000",I don't track it,Yes,No,Rarely / Never,"Eating Out / Cafes, Public Transport",1,1,5,5,5,Yes,Yes,Cryptocurrency & Digital Assets,Monthly,Analysis paralysis from too many platforms and options,"Maximizing active income (e.g., career growth, side hustles)","No Opinions
Lack of knowledge"
05/09/2026 16:50:46,cstforce69@gmail.com,Tanishq more,1st Year,Science,College Hostel,Cab/Auto-rickshaw,Parents / Guardians,"₹2,000-₹5,000",Mobile App,Yes,No,Weekly,"Eating Out / Cafes, Ride-hailing (Uber/Ola/Rapido), Subscriptions (Netflix, Spotify, etc.), Academic Supplies & Books",3,2,4,5,4,No,Yes,"Direct Equity / Stocks, Mutual Funds & Index Funds, Cryptocurrency & Digital Assets, Gold / Commodities",Weekly,Lack of reliable financial education,"Optimizing passive income (e.g., algorithmic trading, dividend stocks, real estate)",Mainly topics of understanding money and bank worlds better.
05/09/2026 16:58:26,initishtiwari@gmail.com,Nitish,2nd Year,Science,Living with Parents,Public Transport (Bus/Metro/Train),Parents / Guardians,"₹5,000-₹10,000",Mental Math,No,No,Monthly,"Eating Out / Cafes, Public Transport, Gaming & Digital In-app Purchases, Subscriptions (Netflix, Spotify, etc.), Academic Supplies & Books",4,3,2,4,3,No,Yes,"Direct Equity / Stocks, Mutual Funds & Index Funds, Cryptocurrency & Digital Assets, Real Estate, Gold / Commodities",Quarterly,Lack of reliable financial education,"Maximizing active income (e.g., career growth, side hustles)",Crypto Investing 
05/09/2026 17:16:03,parkerpillina@gmail.com,Pillina,2nd Year,Commerce & Management,Living with Parents,Public Transport (Bus/Metro/Train),Scholarships / Stipend,"Under ₹2,000",I don't track it,Yes,Yes,Daily,"Public Transport, Ride-hailing (Uber/Ola/Rapido), Gaming & Digital In-app Purchases, Academic Supplies & Books",2,3,5,3,3,No,Yes,"Direct Equity / Stocks, Mutual Funds & Index Funds, Cryptocurrency & Digital Assets, Real Estate, Gold / Commodities",Weekly,Lack of initial capital,"Optimizing passive income (e.g., algorithmic trading, dividend stocks, real estate)",Portfolio management 
05/09/2026 18:38:55,gayatrisukate219@gmail.com,Gayatri sukate ,2nd Year,Science,Living with Parents,Public Transport (Bus/Metro/Train),Parents / Guardians,"Under ₹2,000",Mental Math,Yes,Yes,Monthly,Eating Out / Cafes,3,3,4,4,4,Yes,Yes,Gold / Commodities,Monthly,Lack of reliable financial education,"Optimizing passive income (e.g., algorithmic trading, dividend stocks, real estate)","I’d like to see workshops on budgeting and financial planning for students, understanding stocks and mutual funds, long-term investing strategies, portfolio diversification and risk management, reading market trends and financial statements, and practical guidance on taxes, credit scores, and personal finance."
05/09/2026 18:49:42,kirandubey12111986@gmail.com,Krishna Dubey ,2nd Year,Science,Living with Parents,Public Transport (Bus/Metro/Train),Parents / Guardians,"Under ₹2,000",I don't track it,No,No,Rarely / Never,"Eating Out / Cafes, Public Transport, Academic Supplies & Books",2,1,1,3,1,No,Yes,Direct Equity / Stocks,Monthly,Lack of initial capital,"Maximizing active income (e.g., career growth, side hustles)",Whatever feels right 
05/09/2026 19:00:32,mituljkurup@gmail.com,Mitul Manoj Kurup ,3rd Year,Commerce & Management,Living with Parents,Public Transport (Bus/Metro/Train),Parents / Guardians,"Under ₹2,000",I don't track it,No,No,Monthly,"Eating Out / Cafes, Public Transport, Subscriptions (Netflix, Spotify, etc.)",3,3,4,3,2,No,No,"Direct Equity / Stocks, Mutual Funds & Index Funds",Weekly,Fear of market volatility and losing money,Strict budgeting and extreme frugality,Tips for making money from stock market and  investments
05/09/2026 19:02:05,shreyapaikrao242@gmail.com,Shreya Paikrao ,2nd Year,Engineering & IT,Living with Parents,Public Transport (Bus/Metro/Train),Parents / Guardians,"Under ₹2,000",Mental Math,Yes,No,Rarely / Never,"Eating Out / Cafes, Public Transport, Ride-hailing (Uber/Ola/Rapido), Subscriptions (Netflix, Spotify, etc.), Impulse Online Shopping",3,3,4,4,4,Yes,Yes,"Mutual Funds & Index Funds, Cryptocurrency & Digital Assets, Real Estate, Gold / Commodities",Monthly,Fear of market volatility and losing money,"Optimizing passive income (e.g., algorithmic trading, dividend stocks, real estate)",Financial budget 
05/09/2026 19:22:34,pradnyaughade34@gmail.com,Pradnya Ughade,3rd Year,Engineering & IT,Living with Parents,Cab/Auto-rickshaw,Parents / Guardians,"₹2,000-₹5,000",I don't track it,Yes,No,Monthly,"Eating Out / Cafes, Public Transport, Impulse Online Shopping",3,2,3,3,3,No,Yes,Gold / Commodities,Weekly,Fear of market volatility and losing money,Strict budgeting and extreme frugality,Nothing 
05/09/2026 19:23:12,rutujashivajigaikar1@gmail.com,Rutuja Shivaji Gaikar ,Post-Grad,Science,College Hostel,Walking/Staying on campus,Parents / Guardians,"₹2,000-₹5,000",Mental Math,Yes,No,Monthly,Eating Out / Cafes,1,1,5,4,4,Yes,Yes,"Direct Equity / Stocks, Mutual Funds & Index Funds, Cryptocurrency & Digital Assets, Real Estate, Gold / Commodities",Monthly,Lack of reliable financial education,"Optimizing passive income (e.g., algorithmic trading, dividend stocks, real estate)",Market analysis 
05/09/2026 20:02:56,rohitjadon976@gmail.com,ROHIT KUMAR,2nd Year,Science,Living with Parents,Walking/Staying on campus,Personal Savings,"₹5,000-₹10,000",Mental Math,Yes,Yes,Daily,"Eating Out / Cafes, Public Transport, Impulse Online Shopping, Academic Supplies & Books",2,2,4,4,5,No,Yes,"Direct Equity / Stocks, Mutual Funds & Index Funds, Cryptocurrency & Digital Assets, Real Estate, Gold / Commodities",Monthly,Lack of initial capital,"Optimizing passive income (e.g., algorithmic trading, dividend stocks, real estate)",Forex
05/09/2026 21:16:38,nilashreekadu@gmail.com,Nilashree Kadu,12th,Science,Living with Parents,Public Transport (Bus/Metro/Train),Parents / Guardians,"Under ₹2,000",Mobile App,No,No,Rarely / Never,"Eating Out / Cafes, Public Transport, Academic Supplies & Books",1,1,5,5,5,Yes,Yes,"Mutual Funds & Index Funds, Gold / Commodities",Monthly,Fear of market volatility and losing money,"Maximizing active income (e.g., career growth, side hustles)",Yess 
05/09/2026 22:31:53,sapna111gupta1@gmail.com,Sapna Gupta,1st Year,Bsc.DS,Living with Parents,Public Transport (Bus/Metro/Train),Part-time Job,"₹5,000-₹10,000",I don't track it,Yes,No,Weekly,Public Transport,1,1,5,5,5,No,Yes,Mutual Funds & Index Funds,Monthly,Analysis paralysis from too many platforms and options,"Optimizing passive income (e.g., algorithmic trading, dividend stocks, real estate)","A practical session on how to transition from basic saving to smart investing, including how to analyze market trends as a beginner, would be highly valuable."
05/09/2026 22:35:44,ajay26y@gmail.com,Ajay Yadav ,Post-Grad,Science,Living with Parents,Cab/Auto-rickshaw,Part-time Job,"₹2,000-₹5,000",Mental Math,Yes,Yes,Rarely / Never,"Eating Out / Cafes, Public Transport, Academic Supplies & Books",1,1,5,4,4,No,Yes,"Direct Equity / Stocks, Mutual Funds & Index Funds, Real Estate, Gold / Commodities",Monthly,Lack of reliable financial education,"Optimizing passive income (e.g., algorithmic trading, dividend stocks, real estate)","Savings,Trading,etc"
05/09/2026 23:40:16,pranavkale116@gmail.com,Pranav kale ,2nd Year,Engineering & IT,Living with Parents,Personal Vehicle (Bike/Car),Freelance / Side Hustle,"₹5,000-₹10,000",Mobile App,No,Yes,Weekly,"Eating Out / Cafes, Public Transport, Gaming & Digital In-app Purchases, Subscriptions (Netflix, Spotify, etc.), Academic Supplies & Books",5,5,5,5,5,No,No,Mutual Funds & Index Funds,Weekly,Lack of reliable financial education,"Optimizing passive income (e.g., algorithmic trading, dividend stocks, real estate)",Trading is Best 
05/09/2026 23:54:52,monubhavita015@gmail.com,Bhavita,2nd Year,Science,Living with Parents,Personal Vehicle (Bike/Car),Parents / Guardians,"Under ₹2,000",Mobile App,No,No,Rarely / Never,"Eating Out / Cafes, Public Transport",1,1,1,1,1,No,No,"Mutual Funds & Index Funds, Gold / Commodities",Weekly,Lack of initial capital,"Maximizing active income (e.g., career growth, side hustles)",As a self business and investment some better place
06/09/2026 00:03:36,krupamahajan25@gmail.com,Krupa Mahajan,1st Year,Medical & Health Sciences,Living with Parents,Public Transport (Bus/Metro/Train),Part-time Job,"₹5,000-₹10,000",Mental Math,Yes,No,Rarely / Never,"Eating Out / Cafes, Public Transport, Subscriptions (Netflix, Spotify, etc.), Academic Supplies & Books",1,4,5,1,3,No,Yes,Gold / Commodities,Monthly,Analysis paralysis from too many platforms and options,Strict budgeting and extreme frugality,To give more info about all such things 
06/09/2026 07:50:07,veerajhome11@gmail.com,Veeraj,3rd Year,Engineering & IT,Renting Privately / PG,Public Transport (Bus/Metro/Train),Parents / Guardians,"₹2,000-₹5,000",Mobile App,No,No,Monthly,Public Transport,3,3,3,3,3,No,Yes,"Direct Equity / Stocks, Mutual Funds & Index Funds, Cryptocurrency & Digital Assets, Real Estate",Monthly,Lack of initial capital,"Optimizing passive income (e.g., algorithmic trading, dividend stocks, real estate)",Nothing thankyou
06/09/2026 08:00:58,heetneygandhi@gmail.com,Heet Neygandhi,3rd Year,Engineering & IT,Living with Parents,Public Transport (Bus/Metro/Train),Part-time Job,"Under ₹2,000",Mental Math,Yes,No,Monthly,"Eating Out / Cafes, Public Transport",2,4,5,5,4,Yes,Yes,"Mutual Funds & Index Funds, Real Estate, Gold / Commodities",Quarterly,Lack of initial capital,"Maximizing active income (e.g., career growth, side hustles)",Investment at early age
06/09/2026 08:10:50,tawdebhavesh2006@gmail.com,Bhavesh Tawde ,3rd Year,Engineering & IT,Living with Parents,Public Transport (Bus/Metro/Train),Parents / Guardians,"Under ₹2,000",I don't track it,No,Yes,Daily,Public Transport,2,3,4,5,3,Yes,Yes,Mutual Funds & Index Funds,Weekly,Lack of reliable financial education,"Optimizing passive income (e.g., algorithmic trading, dividend stocks, real estate)",Nothing To Say 
06/09/2026 09:58:15,rudrakshadhule@gmail.com,Rudraksha Janardan Dhule ,2nd Year,Commerce & Management,Living with Parents,Public Transport (Bus/Metro/Train),Parents / Guardians,"Under ₹2,000",I don't track it,No,No,Rarely / Never,"Public Transport, Academic Supplies & Books",1,1,5,1,3,No,Yes,"Mutual Funds & Index Funds, Gold / Commodities",Monthly,Analysis paralysis from too many platforms and options,"Maximizing active income (e.g., career growth, side hustles)",No
06/09/2026 10:21:31,prathamthakur811@gmail.com,Pratham Thakur ,3rd Year,Science,Living with Parents,Public Transport (Bus/Metro/Train),Part-time Job,"Under ₹2,000",Pen and Paper,Yes,No,Rarely / Never,Personal Things ,2,1,5,5,3,No,No,Gold / Commodities,Monthly,Lack of initial capital,Strict budgeting and extreme frugality,"We should be teach what are the investing app and the apportunity for investing money and what are the differences in long term and short term how to add the money and how to take out it and make more profite and capital income sour and investments 
"
06/09/2026 12:09:07,sahilchandorkar1417@gmail.com,Sahil Chandorkar ,3rd Year,Science,Living with Parents,Public Transport (Bus/Metro/Train),Part-time Job,"Above ₹10,000",Mobile App,Yes,Yes,Monthly,"Eating Out / Cafes, Public Transport",2,3,5,4,3,No,Yes,"Direct Equity / Stocks, Mutual Funds & Index Funds, Gold / Commodities",Quarterly,Lack of initial capital,"Maximizing active income (e.g., career growth, side hustles)",Finance for beginners 
06/09/2026 12:48:07,sumbheyadnya@gmail.com,Yadnya Anant Sumbhe ,12th,Science,Living with Parents,Walking/Staying on campus,Parents / Guardians,"Under ₹2,000",Mental Math,Yes,No,Rarely / Never,None of the above,1,2,4,3,3,No,No,"Mutual Funds & Index Funds, Gold / Commodities",Monthly,Lack of initial capital,"Maximizing active income (e.g., career growth, side hustles)",?
06/09/2026 13:35:50,dikshayashwantrao@gmail.com,Diksha ,4th Year,Commerce & Management,Living with Parents,Public Transport (Bus/Metro/Train),Parents / Guardians,"₹2,000-₹5,000",I don't track it,No,No,Rarely / Never,"Eating Out / Cafes, Public Transport",1,1,5,1,5,No,Yes,Gold / Commodities,Monthly,Lack of initial capital,"Optimizing passive income (e.g., algorithmic trading, dividend stocks, real estate)",Personal finance 
06/09/2026 18:16:06,atharvaumarani221@gmail.com,Atharv,3rd Year,Engineering & IT,Living with Parents,Public Transport (Bus/Metro/Train),Parents / Guardians,"Under ₹2,000",I don't track it,No,No,Rarely / Never,Eating Out / Cafes,1,5,5,5,3,No,Yes,"Direct Equity / Stocks, Real Estate, Gold / Commodities",Monthly,Lack of reliable financial education,"Optimizing passive income (e.g., algorithmic trading, dividend stocks, real estate)",...
06/09/2026 20:57:58,suha27012007@gmail.com,Rukhsar shaikh ,2nd Year,Science,Living with Parents,Public Transport (Bus/Metro/Train),Part-time Job,"₹2,000-₹5,000",Mental Math,No,No,Rarely / Never,Eating Out / Cafes,1,1,5,5,5,No,Yes,Gold / Commodities,Monthly,Lack of reliable financial education,Strict budgeting and extreme frugality,How to manage all budgets 
15/09/2026 17:47:33,surabhimankame61@gmail.com,Surabhi,3rd Year,Commerce & Management,Living with Parents,Public Transport (Bus/Metro/Train),Parents / Guardians,"₹2,000-₹5,000",Mobile App,Yes,Yes,Weekly,"Eating Out / Cafes, Public Transport, Subscriptions (Netflix, Spotify, etc.)",1,3,5,3,4,No,Yes,"Direct Equity / Stocks, Mutual Funds & Index Funds",Monthly,Lack of initial capital,"Optimizing passive income (e.g., algorithmic trading, dividend stocks, real estate)",Market analysis and investment